Exchange Date,Valeurs prédites RF,Valeur réelle,Différences RF (%)
2020-01-09,59.89400000000008,59.56,0.56077904633995
2020-01-10,60.03570000000006,59.04,1.6864837398375057
2020-01-13,59.26839999999997,58.08,2.046143250688659
2020-01-14,58.62919999999996,58.23,0.6855572728833332
2020-01-15,58.007700000000085,57.81,0.34198235599391597
2020-01-16,58.40070000000009,58.52,-0.2038619275459847
2020-01-17,58.48660000000007,58.54,-0.09121967885195148
2020-01-21,58.38510000000011,58.34,0.07730545080580133
2020-01-22,57.485900000000086,56.74,1.3145928798027566
2020-01-23,56.68449999999998,55.59,1.9688792948371563
2020-01-24,55.36580000000004,54.19,2.169773020852639
2020-01-27,53.618900000000046,53.14,0.9012043658262056
2020-01-28,53.137000000000036,53.48,-0.6413612565444295
2020-01-29,53.208,53.33,-0.22876429776861035
2020-01-30,52.39909999999998,52.14,0.49693133870345674
2020-01-31,52.08009999999997,51.56,1.008727695888229
2020-02-03,50.35479999999997,50.11,0.4885252444621223
2020-02-04,49.732199999999985,49.61,0.2463213061882387
2020-02-05,50.274600000000056,50.75,-0.9367487684727954
2020-02-06,50.85160000000005,50.95,-0.19313052011767498
2020-02-07,50.65110000000006,50.32,0.6579888712242911
2020-02-10,50.01929999999999,49.57,0.9063949969739493
2020-02-11,50.06889999999999,49.94,0.25810973167800255
2020-02-12,50.77719999999999,51.17,-0.7676372874731449
2020-02-13,51.29080000000009,51.42,-0.25126409957197987
2020-02-14,51.37820000000004,52.05,-1.2906820365032756
2020-02-18,52.331700000000005,52.05,0.5412103746397845
2020-02-19,52.90979999999994,53.29,-0.7134546819291779
2020-02-20,53.57459999999994,53.78,-0.38192636667917684
2020-02-21,53.4317,53.38,0.09685275384038357
2020-02-24,51.99240000000006,51.43,1.093525179856233
2020-02-25,50.280800000000006,49.9,0.7631262525050256
2020-02-26,49.172200000000046,48.73,0.9074492099323814
2020-02-27,47.71470000000008,47.09,1.3266086217882251
2020-02-28,45.97259999999999,44.76,2.709115281501329
2020-03-02,46.14239999999996,46.75,-1.2996791443851134
2020-03-03,46.946200000000026,47.18,-0.49554896142427685
2020-03-04,46.93509999999995,46.78,0.3315519452756469
2020-03-05,46.2819,45.9,0.8320261437908533
2020-03-06,43.48799999999998,41.28,5.34883720930227
2020-03-09,34.99480000000005,31.13,12.415033729521518
2020-03-10,33.23630000000003,34.36,-3.2703725261931638
2020-03-11,32.75130000000005,32.98,-0.6934505761065696
2020-03-12,32.393299999999975,31.5,2.835873015872937
2020-03-13,32.22670000000002,31.73,1.5653955247400628
2020-03-16,30.11770000000004,28.7,4.939721254355537
2020-03-17,27.712099999999985,26.95,2.8278293135435475
2020-03-18,23.102599999999978,20.37,13.41482572410396
2020-03-19,23.43490000000001,25.22,-7.078112609040402
2020-03-20,23.123299999999986,22.43,3.0909496210431855
2020-03-23,22.95349999999997,23.36,-1.740154109589168
2020-03-24,23.454500000000014,24.01,-2.313619325281082
2020-03-25,24.39530000000001,24.49,-0.3866884442629192
2020-03-26,23.1245,22.6,2.32079646017699
2020-03-27,22.30910000000001,21.51,3.7150162715016726
2020-03-30,20.794699999999985,20.09,3.5077152812343693
2020-03-31,20.43810000000001,20.48,-0.20458984374995687
2020-04-01,21.280300000000015,20.31,4.777449532250202
2020-04-02,23.573799999999995,25.32,-6.8965244865719
2020-04-03,26.809299999999965,28.34,-5.401199717713602
2020-04-06,26.56619999999997,26.08,1.8642638036808736
2020-04-07,24.429299999999973,23.63,3.382564536605899
2020-04-08,24.82329999999997,25.09,-1.0629732961340317
2020-04-09,23.103100000000023,22.76,1.5074692442883173
2020-04-13,22.709799999999984,22.41,1.3377956269521794
2020-04-14,20.7286,20.11,3.0760815514669355
2020-04-15,20.164399999999986,19.87,1.4816305988927294
2020-04-16,19.781299999999984,19.87,-0.4464016104681283
2020-04-17,18.970000000000017,18.27,3.8314176245211664
2020-04-20,-14.018699999999983,-37.63,-62.74594738240771
2020-04-21,5.243199999999999,10.01,-47.62037962037963
2020-04-22,12.983600000000008,13.78,-5.779390420899793
2020-04-23,16.519500000000022,16.5,0.11818181818195185
2020-04-24,16.458800000000014,16.94,-2.8406139315229453
2020-04-27,12.700299999999983,12.78,-0.6236306729265787
2020-04-28,12.4919,12.34,1.2309562398703362
2020-04-29,14.342900000000004,15.06,-4.761620185922953
2020-04-30,17.30980000000001,18.84,-8.122080679405467
2020-05-01,16.158700000000024,19.78,-18.30788675429715
2020-05-04,20.171999999999986,20.39,-1.0691515448750082
2020-05-05,22.945400000000006,24.56,-6.574104234527656
2020-05-06,23.738099999999996,23.99,-1.0500208420175186
2020-05-07,23.96950000000002,23.55,1.7813163481954168
2020-05-08,24.47729999999997,24.74,-1.0618431689572647
2020-05-11,24.260600000000004,24.14,0.4995857497928879
2020-05-12,24.6748,25.78,-4.287044220325834
2020-05-13,25.45479999999997,25.29,0.6516409648081107
2020-05-14,26.70580000000002,27.56,-3.0994194484759703
2020-05-15,27.665099999999967,29.43,-5.996941896024576
2020-05-18,29.997699999999977,31.82,-5.726901319924648
2020-05-19,31.53700000000002,32.5,-2.9630769230768603
2020-05-20,32.59859999999996,33.49,-2.6616900567334723
2020-05-21,33.704799999999985,33.92,-0.6344339622642016
2020-05-22,33.41700000000005,33.25,0.5022556390978987
2020-05-26,34.11700000000004,34.35,-0.6783114992720858
2020-05-27,33.367300000000036,32.81,1.6985675099056186
2020-05-28,33.471700000000006,33.71,-0.7069118955799326
2020-05-29,34.75600000000005,35.49,-2.0681882220342405
2020-06-01,35.55630000000004,35.44,0.32816027088048855
2020-06-02,36.475400000000036,36.81,-0.9089921217059664
2020-06-03,37.467699999999944,37.29,0.4765352641457353
2020-06-04,37.55920000000001,37.41,0.39882384389204667
2020-06-05,38.91170000000004,39.55,-1.6139064475346607
2020-06-08,38.38040000000006,38.19,0.4985598324170221
2020-06-09,38.97820000000006,38.94,0.09809964047267639
2020-06-10,39.643500000000024,39.6,0.10984848484854284
2020-06-11,37.83660000000001,36.34,4.118326912493142
2020-06-12,36.730400000000046,36.26,1.2972972972974288
2020-06-15,37.035800000000044,37.12,-0.2268318965515975
2020-06-16,38.16419999999994,38.38,-0.5622720166755224
2020-06-17,38.4812,37.96,1.3730242360379354
2020-06-18,38.7643,38.84,-0.1949021627188588
2020-06-19,39.50470000000008,39.75,-0.6171069182387978
2020-06-22,39.79739999999999,40.46,-1.637666831438487
2020-06-23,40.31310000000004,40.37,-0.14094624721316873
2020-06-24,38.957599999999985,38.01,2.4930281504866802
2020-06-25,38.95410000000003,38.72,0.604597107438103
2020-06-26,38.673800000000035,38.49,0.47752663029366976
2020-06-29,39.063499999999976,39.7,-1.6032745591940214
2020-06-30,39.44950000000005,39.27,0.4570919276802828
2020-07-01,39.67490000000006,39.82,-0.36438975389237194
2020-07-02,40.110900000000036,40.65,-1.326199261992527
2020-07-06,40.51990000000005,40.63,-0.2709820329804406
2020-07-07,40.52490000000003,40.62,-0.2341211225996225
2020-07-08,40.578400000000045,40.9,-0.7863080684595452
2020-07-09,39.942899999999995,39.62,0.8149924280666256
2020-07-10,39.65799999999995,40.55,-2.199753390875575
2020-07-13,40.11860000000003,40.1,0.04638403990031846
2020-07-14,40.31840000000007,40.29,0.07048895507587197
2020-07-15,40.750200000000035,41.2,-1.0917475728154558
2020-07-16,40.61339999999997,40.75,-0.3352147239264535
2020-07-17,40.517300000000056,40.59,-0.17910815471778221
2020-07-20,40.56939999999995,40.81,-0.5895613820143355
2020-07-21,41.574200000000026,41.96,-0.9194470924689582
2020-07-22,41.85429999999994,41.9,-0.10906921241064553
2020-07-23,41.39749999999996,41.07,0.7974190406621815
2020-07-24,41.039799999999964,41.29,-0.6059578590458586
2020-07-27,41.26449999999997,41.6,-0.8064903846154606
2020-07-28,41.37819999999998,41.04,0.8240740740740233
2020-07-29,41.19799999999997,41.27,-0.17446086745827755
2020-07-30,40.25879999999997,39.92,0.8486973947895056
2020-07-31,40.34989999999992,40.27,0.19841072758856915
2020-08-03,40.83209999999997,41.01,-0.4337966349671531
2020-08-04,41.42290000000002,41.7,-0.664508393285331
2020-08-05,41.96520000000007,42.19,-0.5328276842852118
2020-08-06,41.99230000000004,41.95,0.1008343265793563
2020-08-07,41.336999999999996,41.22,0.28384279475981883
2020-08-10,41.555000000000014,41.94,-0.917978063900772
2020-08-11,41.85169999999997,41.61,0.5808699831770564
2020-08-12,42.28449999999997,42.67,-0.9034450433560554
2020-08-13,42.455600000000025,42.24,0.5104166666667219
2020-08-14,42.263799999999996,42.01,0.6041418709830951
2020-08-17,42.57459999999998,42.89,-0.7353695500116999
2020-08-18,42.90649999999999,42.89,0.038470505945410155
2020-08-19,42.925799999999946,42.93,-0.009783368274060471
2020-08-20,42.671499999999966,42.58,0.21488961953961472
2020-08-21,42.45049999999998,42.34,0.26098252243734854
2020-08-24,42.64940000000001,42.62,0.06898169873301183
2020-08-25,43.008100000000034,43.35,-0.7886966551325653
2020-08-26,43.48750000000002,43.39,0.22470615349162917
2020-08-27,43.31580000000002,43.04,0.6407992565056181
2020-08-28,43.07789999999998,42.97,0.25110542238766453
2020-08-31,42.67080000000002,42.61,0.14268950950486206
2020-09-01,42.44960000000005,42.76,-0.7259120673525363
2020-09-02,42.074200000000026,41.51,1.359190556492479
2020-09-03,41.245799999999946,41.37,-0.30021754894863817
2020-09-04,40.37830000000004,39.77,1.5295448830777856
2020-09-08,37.86780000000004,36.76,3.0136017410229603
2020-09-09,37.94999999999997,38.05,-0.2628120893561888
2020-09-10,37.67639999999993,37.3,1.0091152815011604
2020-09-11,37.52510000000002,37.33,0.5226359496384274
2020-09-14,37.54679999999995,37.26,0.7697262479869827
2020-09-15,38.31199999999999,38.28,0.08359456635315926
2020-09-16,39.6608,40.16,-1.2430278884462023
2020-09-17,40.66510000000002,40.97,-0.7442030754209963
2020-09-18,40.89010000000008,41.11,-0.5349063488200374
2020-09-21,39.83080000000003,39.31,1.3248537267871525
2020-09-22,39.735899999999994,39.6,0.3431818181817989
2020-09-23,39.25009999999998,39.93,-1.7027297771099867
2020-09-24,40.35040000000004,40.31,0.10022326966023529
2020-09-25,40.401399999999974,40.25,0.3761490683229168
2020-09-28,40.36780000000005,40.6,-0.5719211822658845
2020-09-29,39.82930000000004,39.29,1.3726138966659198
2020-09-30,39.89369999999998,40.22,-0.8112879164595166
2020-10-01,39.36780000000002,38.72,1.673037190082691
2020-10-02,37.81150000000007,37.05,2.0553306342782083
2020-10-05,38.91780000000005,39.22,-0.7705252422232264
2020-10-06,40.10830000000002,40.67,-1.3811163019424157
2020-10-07,40.23599999999998,39.95,0.7158948685856822
2020-10-08,40.67730000000003,41.19,-1.2447195921339327
2020-10-09,40.41090000000004,40.6,-0.4657635467979328
2020-10-12,39.75079999999998,39.43,0.8135937103727545
2020-10-13,39.84139999999997,40.2,-0.8920398009951023
2020-10-14,40.74129999999998,41.04,-0.7278265107212913
2020-10-15,40.76470000000002,40.96,-0.4768066406249556
2020-10-16,40.771400000000014,40.88,-0.2656555772993847
2020-10-19,40.60879999999998,40.83,-0.5417585108988915
2020-10-20,41.20830000000004,41.46,-0.6070911722140957
2020-10-21,40.59130000000004,40.03,1.4021983512366683
2020-10-22,40.434800000000045,40.64,-0.5049212598424094
2020-10-23,40.13370000000002,39.85,0.711919698870809
2020-10-26,39.26199999999998,38.56,1.8205394190870767
2020-10-27,39.14650000000002,39.57,-1.0702552438715767
2020-10-28,38.09550000000003,37.39,1.8868681465633301
2020-10-29,37.15089999999998,36.17,2.7119159524467156
2020-10-30,36.37240000000003,35.79,1.6272701872032083
2020-11-02,36.72250000000004,36.81,-0.23770714479750896
2020-11-03,37.719700000000024,37.66,0.1585236325014016
2020-11-04,38.78259999999998,39.15,-0.9384418901660734
2020-11-05,38.948200000000014,38.79,0.40783707141019593
2020-11-06,37.950500000000034,37.14,2.182283252557978
2020-11-09,39.302200000000056,40.29,-2.451724993794845
2020-11-10,40.72939999999994,41.36,-1.5246615087042021
2020-11-11,41.20260000000003,41.45,-0.5968636911941387
2020-11-12,40.978600000000064,41.12,-0.34387159533057726
2020-11-13,40.20650000000003,40.13,0.1906304510341994
2020-11-16,41.095399999999955,41.34,-0.5916787614901986
2020-11-17,41.17750000000002,41.43,-0.6094617426984708
2020-11-18,41.460399999999986,41.82,-0.8598756575801401
2020-11-19,41.74790000000001,41.74,0.0189266890273274
2020-11-20,41.97499999999995,42.15,-0.41518386714127375
2020-11-23,42.647999999999996,43.06,-0.95680445889458
2020-11-24,44.01190000000006,44.91,-1.9997773324425194
2020-11-25,45.355299999999964,45.71,-0.7759789980311456
2020-11-27,45.455900000000035,45.53,-0.16274983527337109
2020-11-30,45.3937,45.34,0.11843846493162591
2020-12-01,44.81009999999994,44.55,0.5838383838382593
2020-12-02,45.344999999999985,45.28,0.1435512367490802
2020-12-03,46.02739999999997,45.64,0.8488168273443712
2020-12-04,46.22850000000003,46.26,-0.06809338521393357
2020-12-07,45.7935,45.76,0.0732080419580499
2020-12-08,45.18599999999998,45.6,-0.9078947368421553
2020-12-09,45.84880000000001,45.52,0.7223198594024784
2020-12-10,46.58749999999995,46.78,-0.4115006412998125
2020-12-11,46.62610000000003,46.57,0.12046381790858733
2020-12-14,46.7235,46.99,-0.5671419450947023
2020-12-15,47.23910000000006,47.62,-0.7998740025198239
2020-12-16,47.93909999999996,47.82,0.249058971141699
2020-12-17,48.307499999999976,48.36,-0.1085607940447132
2020-12-18,48.76699999999997,49.1,-0.6782077393076047
2020-12-21,48.12190000000003,47.74,0.7999581064097823
2020-12-22,47.843599999999995,47.02,1.7515950659293744
2020-12-23,47.633399999999995,48.12,-1.011221945137163
2020-12-24,48.182800000000036,48.23,-0.09786439975111144
2020-12-28,47.76910000000007,47.62,0.3131037379253996
2020-12-29,47.97169999999996,48.0,-0.05895833333341057
2020-12-30,48.41849999999994,48.4,0.03822314049574199
2020-12-31,48.435299999999984,48.52,-0.1745671887881684
2021-01-04,47.80440000000007,47.62,0.38723225535504985
2021-01-05,49.36649999999999,49.93,-1.1285800120168472
2021-01-06,50.45819999999999,50.63,-0.3393245111594148
2021-01-07,50.75570000000002,50.83,-0.14617351957501398
2021-01-08,51.62210000000001,52.24,-1.1828101071975339
2021-01-11,52.4565,52.25,0.3952153110047815
2021-01-12,53.046099999999974,53.21,-0.3080248073670862
2021-01-13,53.10870000000007,52.91,0.37554337554351425
2021-01-14,53.32379999999998,53.57,-0.45958558894908175
2021-01-15,52.90220000000006,52.36,1.0355233002292934
2021-01-19,52.748500000000014,52.98,-0.4369573423933234
2021-01-20,52.89689999999997,53.24,-0.6444402704733946
2021-01-21,53.09560000000002,53.13,-0.06474684735551246
2021-01-22,52.55889999999998,52.27,0.552707097761578
2021-01-25,52.6772,52.77,-0.17585749478871326
2021-01-26,52.7154,52.61,0.20034214027751956
2021-01-27,52.85479999999996,52.85,0.00908230841998182
2021-01-28,52.596799999999924,52.34,0.49063813526923994
2021-01-29,52.55029999999991,52.2,0.6710727969346835
2021-02-01,53.15579999999998,53.55,-0.7361344537815485
2021-02-02,54.12340000000002,54.76,-1.1625273922570856
2021-02-03,54.936300000000045,55.69,-1.3533848087627083
2021-02-04,55.697500000000076,56.23,-0.9470033789790517
2021-02-05,56.74310000000008,56.85,-0.18803869832880377
2021-02-08,57.560700000000054,57.97,-0.7060548559598843
2021-02-09,58.14730000000004,58.36,-0.36446196024668026
2021-02-10,58.389299999999956,58.68,-0.4953987730062094
2021-02-11,58.32529999999995,58.24,0.14646291208782086
2021-02-12,59.09950000000004,59.47,-0.623003194888107
2021-02-16,59.560300000000026,60.05,-0.815487094088211
2021-02-17,60.77120000000006,61.14,-0.603205757278285
2021-02-18,60.48370000000006,60.52,-0.05998017184391981
2021-02-19,59.87399999999994,59.24,1.0702228224171781
2021-02-22,61.071299999999965,61.49,-0.6809237274354151
2021-02-23,61.09780000000004,61.67,-0.9278417382843516
2021-02-24,62.158200000000086,63.22,-1.6795317937360215
2021-02-25,63.379399999999954,63.53,-0.2370533606171052
2021-02-26,62.79599999999995,61.5,2.10731707317065
2021-03-01,60.744300000000095,60.64,0.171998680738942
2021-03-02,60.214499999999944,59.75,0.7774058577404924
2021-03-03,61.01590000000002,61.28,-0.4309725848563606
2021-03-04,62.82030000000004,63.83,-1.5818580604730685
2021-03-05,65.33640000000007,66.09,-1.1402632773489707
2021-03-08,65.01990000000005,65.05,-0.046272098385776506
2021-03-09,64.196,64.01,0.2905795969379672
2021-03-10,64.39500000000008,64.44,-0.06983240223450721
2021-03-11,65.41820000000006,66.02,-0.9115419569826422
2021-03-12,65.68060000000006,65.61,0.107605547934851
2021-03-15,65.26390000000006,65.39,-0.19284294234582816
2021-03-16,64.83709999999994,64.8,0.05725308641965803
2021-03-17,64.6459,64.6,0.07105263157895227
2021-03-18,62.06710000000006,60.0,3.445166666666767
2021-03-19,61.138699999999936,61.42,-0.4579941387171371
2021-03-22,61.68609999999992,61.55,0.22112103980490797
2021-03-23,59.27389999999993,57.76,2.6210180055400425
2021-03-24,60.651900000000076,61.18,-0.8631905851584241
2021-03-25,59.03490000000003,58.56,0.8109631147541436
2021-03-26,60.361499999999964,60.97,-0.9980318189273986
2021-03-29,60.40179999999994,61.56,-1.8814165042236268
2021-03-30,60.655400000000064,60.55,0.17407101568962347
2021-03-31,59.462699999999984,59.16,0.5116632860040353
2021-04-01,61.12249999999998,61.45,-0.5329536208299787
2021-04-05,59.76089999999997,58.65,1.8941176470587768
2021-04-06,59.69209999999996,59.33,0.6103151862463552
2021-04-07,59.84099999999995,59.77,0.1187886899781633
2021-04-08,59.96790000000006,59.6,0.6172818791947242
2021-04-09,59.999599999999965,59.32,1.1456507080242162
2021-04-12,59.79889999999997,59.7,0.16566164154097973
2021-04-13,60.18330000000003,60.18,0.005483549351996326
2021-04-14,61.61319999999998,63.15,-2.4335708630245776
2021-04-15,63.30090000000003,63.46,-0.250709108099549
2021-04-16,63.082399999999915,63.13,-0.07539996831948047
2021-04-19,63.20250000000005,63.38,-0.2800568002523702
2021-04-20,62.43439999999995,62.44,-0.008968609865552367
2021-04-21,62.068999999999946,61.35,1.1719641401792082
2021-04-22,61.352999999999945,61.43,-0.12534592218794566
2021-04-23,61.805100000000095,62.14,-0.5389443192788947
2021-04-26,62.472899999999946,61.91,0.9092230657405094
2021-04-27,62.9229,62.94,-0.0271687321258329
2021-04-28,63.33140000000001,63.86,-0.8277481991857034
2021-04-29,64.95630000000007,65.01,-0.08260267651120633
2021-04-30,64.20459999999994,63.58,0.9823843976092231
2021-05-03,64.10760000000005,64.49,-0.5929601488602066
2021-05-04,65.27279999999999,65.69,-0.6351042776678463
2021-05-05,65.55640000000004,65.63,-0.11214383665999753
2021-05-06,64.99759999999999,64.71,0.4444444444444408
2021-05-07,64.56350000000006,64.9,-0.5184899845915932
2021-05-10,64.61990000000007,64.92,-0.4622612446086405
2021-05-11,64.7893,65.28,-0.7516850490196139
2021-05-12,65.39730000000006,66.08,-1.0331416464890135
2021-05-13,64.53480000000006,63.82,1.120025070510907
2021-05-14,64.75319999999995,65.37,-0.9435520881138972
2021-05-17,65.59319999999998,66.27,-1.0212765957447025
2021-05-18,66.23160000000004,65.49,1.132386623912121
2021-05-19,63.830800000000096,63.36,0.7430555555557078
2021-05-20,62.669799999999945,62.05,0.9988718775180471
2021-05-21,63.587999999999916,63.58,0.01258257313607645
2021-05-24,65.08170000000004,66.05,-1.4660105980317286
2021-05-25,65.73550000000007,66.07,-0.5062812168910554
2021-05-26,65.81839999999998,66.21,-0.5914514423803219
2021-05-27,66.25109999999991,66.85,-0.8958863126403677
2021-05-28,66.3873999999999,66.32,0.10162846803363522
2021-06-01,67.29000000000006,67.72,-0.6349675132899228
2021-06-02,68.82370000000006,68.83,-0.009152985616648457
2021-06-03,68.99300000000007,68.81,0.2659497166110504
2021-06-04,69.28109999999995,69.62,-0.48678540649246216
2021-06-07,69.52620000000006,69.23,0.4278491983245063
2021-06-08,69.97219999999993,70.05,-0.1110635260529156
2021-06-09,70.17360000000004,69.96,0.30531732418530905
2021-06-10,70.30370000000012,70.29,0.019490681462674252
2021-06-11,71.06010000000008,70.91,0.21167677337481325
2021-06-14,71.31980000000011,70.88,0.6204853273139377
2021-06-15,72.16300000000004,72.12,0.05962285080426343
2021-06-16,72.0991,72.15,-0.07054747054746861
2021-06-17,71.43080000000003,71.04,0.5501126126126508
2021-06-18,71.64879999999998,71.64,0.012283640424315314
2021-06-21,72.99850000000008,73.66,-0.8980450719521021
2021-06-22,73.52840000000009,73.06,0.6411168902273308
2021-06-23,73.19910000000003,73.08,0.16297208538592162
2021-06-24,73.37599999999992,73.3,0.10368349249648343
2021-06-25,73.81529999999988,74.05,-0.3169480081027919
2021-06-28,73.63639999999994,72.91,0.9962968042791679
2021-06-29,73.42170000000011,72.98,0.605234310770226
2021-06-30,73.60069999999993,73.47,0.17789573975763362
2021-07-01,74.83630000000007,75.23,-0.5233284593911187
2021-07-02,74.95740000000009,75.16,-0.2695582756784253
2021-07-06,74.03509999999991,73.37,0.9065012948070192
2021-07-07,72.55069999999998,72.2,0.48573407202212593
2021-07-08,72.05519999999989,72.94,-1.2130518234166605
2021-07-09,74.1358999999999,74.56,-0.5688036480687971
2021-07-12,74.41950000000008,74.1,0.4311740890689478
2021-07-13,74.79520000000008,75.25,-0.6043853820596952
2021-07-14,73.77220000000008,73.13,0.8781621769452862
2021-07-15,72.15999999999995,71.65,0.7117934403348893
2021-07-16,71.48669999999989,71.81,-0.4502158473751803
2021-07-19,68.06469999999992,66.42,2.4762119843419375
2021-07-20,67.67729999999999,67.42,0.38163749629188154
2021-07-21,69.62060000000008,70.3,-0.9664295874820993
2021-07-22,71.3855000000001,71.91,-0.7293839521622718
2021-07-23,71.86430000000006,72.07,-0.28541695573738907
2021-07-26,71.88700000000009,71.91,-0.03198442497554008
2021-07-27,71.5743,71.65,-0.10565247732032361
2021-07-28,72.1572999999999,72.39,-0.32145323939783615
2021-07-29,73.11140000000007,73.62,-0.690844879108843
2021-07-30,73.97259999999996,73.95,0.030561189993177057
2021-08-02,72.1863999999999,71.26,1.3000280662361796
2021-08-03,70.62259999999998,70.56,0.08871882086164243
2021-08-04,69.01990000000006,68.15,1.2764490095378696
2021-08-05,69.34179999999992,69.09,0.3644521638441419
2021-08-06,68.63760000000008,68.28,0.5237258347980025
2021-08-09,67.30130000000008,66.48,1.2354091456078202
2021-08-10,67.98550000000009,68.29,-0.4458925172059147
2021-08-11,69.01750000000008,69.25,-0.3357400722020454
2021-08-12,69.19229999999995,69.09,0.1480677377333084
2021-08-13,68.69059999999992,68.44,0.3661601402687324
2021-08-16,67.79739999999997,67.29,0.7540496359042375
2021-08-17,67.39610000000003,66.59,1.210542123442002
2021-08-18,66.16410000000009,65.46,1.0756186984419438
2021-08-19,64.27649999999998,63.69,0.9208666980687498
2021-08-20,62.93730000000003,62.32,0.990532734274757
2021-08-23,64.45599999999997,65.64,-1.803778184034165
2021-08-24,66.85179999999994,67.54,-1.0189517323068786
2021-08-25,68.2444,68.36,-0.16910473961381012
2021-08-26,67.78979999999997,67.42,0.548501928211168
2021-08-27,68.44240000000005,68.74,-0.43293569973806506
2021-08-30,69.04980000000009,69.21,-0.23146944083211066
2021-08-31,68.86609999999992,68.5,0.5344525547444055
2021-09-01,68.6287999999999,68.59,0.05656801282970602
2021-09-02,69.53379999999999,69.99,-0.6518074010573078
2021-09-03,69.65220000000006,69.29,0.5227305527493985
2021-09-07,68.9482,68.35,0.8752011704462409
2021-09-08,69.3369,69.3,0.05324675324675732
2021-09-09,68.69470000000008,68.14,0.8140592896978018
2021-09-10,69.58969999999994,69.72,-0.18689041881821897
2021-09-13,70.20830000000007,70.45,-0.3430801987224097
2021-09-14,70.49330000000006,70.46,0.047260857224053446
2021-09-15,72.01820000000009,72.61,-0.8150392507917736
2021-09-16,72.13640000000004,72.61,-0.6522517559564276
2021-09-17,72.02430000000005,71.97,0.07544810337648275
2021-09-20,70.79020000000011,70.29,0.7116232750037076
2021-09-21,70.78069999999997,70.56,0.3127834467119689
2021-09-22,72.03259999999999,72.23,-0.2732936452997591
2021-09-23,72.79509999999998,73.3,-0.6888130968622381
2021-09-24,73.55929999999991,73.98,-0.5686672073534684
2021-09-27,74.59379999999993,75.45,-1.134791252485185
2021-09-28,75.4522000000001,75.29,0.21543365652822158
2021-09-29,74.94430000000001,74.83,0.15274622477617839
2021-09-30,74.94669999999992,75.03,-0.1110222577636671
2021-10-01,76.16720000000005,75.88,0.378492356352208
2021-10-04,77.35829999999996,77.62,-0.3371553723267809
2021-10-05,78.45849999999987,78.93,-0.5973647535792903
2021-10-06,77.99460000000005,77.43,0.7291747384735131
2021-10-07,77.94799999999996,78.3,-0.44955300127718045
2021-10-08,79.18609999999991,79.35,-0.2065532451166773
2021-10-11,79.90179999999994,80.52,-0.7677595628416027
2021-10-12,80.42700000000009,80.64,-0.2641369047617914
2021-10-13,80.31169999999996,80.44,-0.15949776230735765
2021-10-14,80.89920000000006,81.31,-0.505226909359166
2021-10-15,82.03570000000003,82.28,-0.29691298006802025
2021-10-18,82.52599999999998,82.44,0.10431829209119883
2021-10-19,82.66040000000001,82.96,-0.36113789778204425
2021-10-20,83.75450000000009,83.87,-0.13771312745905806
2021-10-21,82.8931,82.5,0.47648484848485334
2021-10-22,83.11169999999991,83.76,-0.7739971346705962
2021-10-25,83.51639999999992,83.76,-0.2908309455588419
2021-10-26,84.0502,84.65,-0.7085646780862397
2021-10-27,82.98039999999995,82.66,0.3876119041857605
2021-10-28,82.67390000000005,82.81,-0.1643521313850457
2021-10-29,83.35,83.57,-0.26325236328826
2021-11-01,83.92060000000002,84.05,-0.15395597858414697
2021-11-02,83.47370000000005,83.91,-0.5199618639017352
2021-11-03,81.76110000000001,80.86,1.1143952510512165
2021-11-04,79.43169999999994,78.81,0.7888592818169433
2021-11-05,80.09650000000006,81.27,-1.443952257905664
2021-11-08,81.61660000000003,81.93,-0.3825216648358025
2021-11-09,83.00289999999995,84.15,-1.3631610219846124
2021-11-10,82.44430000000004,81.34,1.3576346201131515
2021-11-11,81.4251999999999,81.59,-0.20198553744343556
2021-11-12,81.15910000000005,80.79,0.45686347320218557
2021-11-15,80.53499999999998,80.88,-0.4265578635014999
2021-11-16,80.31440000000005,80.76,-0.5517582961861766
2021-11-17,79.1965999999999,78.36,1.0676365492597049
2021-11-18,78.37680000000007,79.01,-0.8014175420831934
2021-11-19,77.0085999999999,76.1,1.193955321944688
2021-11-22,76.5169999999999,76.75,-0.3035830618893857
2021-11-23,77.48260000000006,78.5,-1.296050955413934
2021-11-24,78.70999999999984,78.39,0.4082153335882598
2021-11-26,72.34080000000006,68.15,6.149376375642043
2021-11-29,69.56340000000002,69.95,-0.5526804860614541
2021-11-30,67.8384,66.18,2.5058930190389637
2021-12-01,66.23900000000006,65.57,1.0202836663109167
2021-12-02,66.03490000000006,66.5,-0.6993984962405048
2021-12-03,66.34399999999997,66.26,0.12677331723507476
2021-12-06,68.15799999999997,69.49,-1.9168225643977868
2021-12-07,71.2217000000001,72.05,-1.149618320610547
2021-12-08,71.97819999999994,72.36,-0.5276395798784621
2021-12-09,71.39340000000006,70.94,0.6391316605583012
2021-12-10,71.40679999999998,71.67,-0.3672387330822186
2021-12-13,71.71559999999994,71.29,0.5969981764622412
2021-12-14,70.92569999999992,70.73,0.2766859889720302
2021-12-15,71.09980000000006,70.87,0.32425567941308614
2021-12-16,72.05939999999988,72.38,-0.4429400386848751
2021-12-17,71.49390000000008,70.86,0.894580863674968
2021-12-20,69.52570000000009,68.23,1.8990180272608557
2021-12-21,70.49909999999996,71.12,-0.8730314960630604
2021-12-22,72.21639999999995,72.76,-0.7471137987906193
2021-12-23,73.4932,73.79,-0.4022225233771576
2021-12-27,74.61399999999996,75.57,-1.2650522694191235
2021-12-28,76.47479999999997,75.98,0.6512240063174117
2021-12-29,76.47009999999999,76.56,-0.1174242424242611
2021-12-30,76.70850000000004,76.99,-0.36563190024672226
2021-12-31,75.63170000000005,75.21,0.5606967158623297
2022-01-03,75.21399999999994,76.08,-1.138275499474312
2022-01-04,76.81140000000002,76.99,-0.23197817898425063
2022-01-05,77.45079999999986,77.85,-0.5127809890817412
2022-01-06,78.82799999999988,79.46,-0.7953687389883196
2022-01-07,79.30559999999986,78.9,0.5140684410644493
2022-01-10,78.31109999999994,78.23,0.10366866930836677
2022-01-11,80.35990000000005,81.22,-1.0589756217679709
2022-01-12,81.67319999999992,82.64,-1.1698935140368798
2022-01-13,82.49619999999993,82.12,0.45811008280556037
2022-01-14,83.14849999999984,83.82,-0.8011214507279301
2022-01-18,85.33589999999992,85.43,-0.11014865972150611
2022-01-19,85.55089999999994,86.96,-1.6204001839927002
2022-01-20,86.92319999999994,86.9,0.026697353279553186
2022-01-21,85.65569999999995,85.14,0.6057082452430734
2022-01-24,83.78320000000012,83.31,0.5679990397312679
2022-01-25,85.1850000000001,85.6,-0.484813084112024
2022-01-26,86.85579999999993,87.35,-0.5657698912422018
2022-01-27,86.7154000000001,86.61,0.12169495439337549
2022-01-28,86.98429999999999,86.82,0.18924211011287403
2022-01-31,87.94969999999982,88.15,-0.2272263187750236
2022-02-01,88.4016000000001,88.2,0.22857142857154034
2022-02-02,88.62370000000008,88.26,0.4120779515070016
2022-02-03,89.4165999999999,90.27,-0.945386064030235
2022-02-04,91.73859999999993,92.31,-0.6190011916369494
2022-02-07,91.64789999999994,91.32,0.3590670170827232
2022-02-08,89.77909999999996,89.36,0.46900179051024804
2022-02-09,88.80699999999995,89.66,-0.9513718492081769
2022-02-10,90.31850000000011,89.88,0.48787271918126224
2022-02-11,91.58500000000011,93.1,-1.6272824919440247
2022-02-14,94.47180000000006,95.46,-1.035197988686293
2022-02-15,92.63710000000009,92.07,0.6159443901380427
2022-02-16,92.95510000000003,93.66,-0.75261584454406
2022-02-17,93.31340000000003,91.76,1.6928945074106634
2022-02-18,91.22980000000008,91.07,0.1754694191282414
2022-02-22,91.46349999999993,92.35,-0.9599350297780933
2022-02-23,92.31720000000013,92.1,0.23583061889265286
2022-02-24,92.64180000000005,92.81,-0.18123047085438657
2022-02-25,91.90530000000004,91.59,0.34425155584674755
2022-02-28,93.60689999999991,95.72,-2.207584621813715
2022-03-01,98.88739999999999,103.41,-4.3734648486606815
2022-03-02,106.97200000000005,110.6,-3.280289330922191
2022-03-03,109.28929999999988,107.67,1.5039472462151777
2022-03-04,111.22700000000007,115.68,-3.849412171507548
2022-03-07,116.6467,119.4,-2.305946398659975
2022-03-08,121.16449999999998,123.7,-2.04971705739695
2022-03-09,113.50249999999993,108.7,4.418123275068927
2022-03-10,106.94360000000002,106.02,0.8711563855876455
2022-03-11,108.50640000000018,109.33,-0.7533156498672041
2022-03-14,104.44690000000003,103.01,1.3949131152315528
2022-03-15,98.50220000000012,96.44,2.138324346744212
2022-03-16,97.36180000000004,95.04,2.442971380471421
2022-03-17,100.94760000000007,102.98,-1.973587104292036
2022-03-18,103.78729999999989,104.7,-0.8717287488062222
2022-03-21,108.71939999999992,112.12,-3.0330003567606867
2022-03-22,111.2786,111.76,-0.43074445239800263
2022-03-23,113.18030000000005,114.93,-1.5224049421386596
2022-03-24,113.10210000000009,112.34,0.6783870393449253
2022-03-25,112.582,113.9,-1.1571553994732326
2022-03-28,109.56730000000002,105.96,3.4043978859947375
2022-03-29,105.90929999999996,104.24,1.6014006139677326
2022-03-30,106.56969999999991,107.82,-1.1596178816546847
2022-03-31,102.81589999999993,100.28,2.5288193059432857
2022-04-01,99.84639999999999,99.27,0.5806386622343029
2022-04-04,102.87019999999985,103.28,-0.3967854376453779
2022-04-05,102.6209,101.96,0.6481953707336331
2022-04-06,98.40960000000001,96.23,2.2649901278187756
2022-04-07,96.22230000000009,96.03,0.20024992189949836
2022-04-08,97.27289999999999,98.26,-1.0045796865459111
2022-04-11,96.70270000000006,94.29,2.5588079329728046
2022-04-12,98.89480000000002,100.6,-1.6950298210735355
2022-04-13,102.97259999999996,104.25,-1.2253237410072353
2022-04-14,106.61840000000007,106.95,-0.31005142589989504
2022-04-18,108.23460000000001,108.21,0.022733573606894767
2022-04-19,105.2107000000001,102.56,2.5845358814353547
2022-04-20,102.5291,102.75,-0.2149878345498787
2022-04-21,104.04560000000001,103.79,0.2462664996627817
2022-04-22,102.48049999999992,102.07,0.4021749779562339
2022-04-25,99.1240000000001,98.54,0.5926527298559858
2022-04-26,100.94669999999994,101.7,-0.7407079646018357
2022-04-27,102.60119999999998,102.02,0.569692217212293
2022-04-28,103.85559999999994,105.36,-1.4278663629461472
2022-04-29,104.4552999999999,104.69,-0.22418569108807254
2022-05-02,104.92000000000006,105.17,-0.23771037368065334
2022-05-03,103.31019999999995,102.41,0.879015721120941
2022-05-04,104.60789999999996,107.81,-2.970132640756928
2022-05-05,106.77750000000013,108.26,-1.369388509144535
2022-05-06,108.17219999999993,109.77,-1.455588958731952
2022-05-09,106.26389999999995,103.09,3.0787661266853688
2022-05-10,101.03490000000006,99.76,1.2779671210906767
2022-05-11,103.3308,105.71,-2.2506858386150763
2022-05-12,105.55320000000013,106.13,-0.5434844059171429
2022-05-13,108.42510000000013,110.49,-1.8688569101274926
2022-05-16,112.1334999999998,114.2,-1.8095446584940489
2022-05-17,112.7693000000001,112.4,0.32855871886129445
2022-05-18,110.54869999999998,109.59,0.8748060954466458
2022-05-19,111.08759999999988,112.21,-1.0002673558507376
2022-05-20,112.86729999999994,113.23,-0.3203214695752545
2022-05-23,110.82660000000006,110.29,0.4865354973252785
2022-05-24,110.24049999999991,109.77,0.42862348546954177
2022-05-25,110.01270000000005,110.33,-0.28759177014406434
2022-05-26,112.30879999999992,114.09,-1.561223595407208
2022-05-27,113.82199999999997,115.07,-1.084557226036342
2022-05-31,114.67050000000006,114.67,0.0004360338362773444
2022-06-01,114.55419999999987,115.26,-0.612354676383948
2022-06-02,115.84820000000006,116.87,-0.8743047830922753
2022-06-03,117.16730000000011,118.87,-1.4324051484814448
2022-06-06,118.53109999999987,118.5,0.026244725738284493
2022-06-07,119.17959999999997,119.41,-0.1929486642660007
2022-06-08,121.1589000000001,122.11,-0.7788878879697791
2022-06-09,120.90470000000006,121.51,-0.49814830055134796
2022-06-10,120.3882999999999,120.67,-0.23344658987329098
2022-06-13,120.43539999999986,120.93,-0.40899694037885354
2022-06-14,118.76340000000003,118.93,-0.14008240141257386
2022-06-15,115.97370000000001,115.31,0.575578874338744
2022-06-16,115.99309999999988,117.59,-1.358023641466212
2022-06-17,111.81550000000004,109.56,2.0586893026652433
2022-06-21,109.7643,110.65,-0.800451875282422
2022-06-22,108.19210000000004,106.19,1.8853941049063387
2022-06-23,105.26499999999999,104.27,0.9542533806463896
2022-06-24,106.32239999999989,107.62,-1.2057238431519386
2022-06-27,107.17920000000005,109.57,-2.181984119740752
2022-06-28,110.4731,111.76,-1.1514853256979267
2022-06-29,110.71709999999992,109.78,0.8536163235561265
2022-06-30,107.46329999999985,105.76,1.610533282904541
2022-07-01,107.50040000000006,108.43,-0.8573273079405616
2022-07-05,102.51610000000004,99.5,3.0312562814070727
2022-07-06,99.07650000000015,98.53,0.5546534050544515
2022-07-07,102.07119999999999,102.73,-0.641292709043136
2022-07-08,104.35990000000008,104.79,-0.4104399274739239
2022-07-11,104.61800000000007,104.09,0.5072533384571646
2022-07-12,98.86659999999998,95.84,3.1579716193655814
2022-07-13,96.44749999999995,96.3,0.15316718587741548
2022-07-14,96.15100000000007,95.78,0.3873460012529402
2022-07-15,97.83120000000004,97.59,0.247156470949928
2022-07-18,100.15330000000012,102.6,-2.3846978557503697
2022-07-19,103.54659999999998,104.22,-0.6461331798119507
2022-07-20,104.03579999999987,102.26,1.7365538822607682
2022-07-21,98.38010000000008,96.35,2.1070057083550493
2022-07-22,95.30870000000004,94.7,0.6427666314678369
2022-07-25,96.6444999999999,96.7,-0.057394002068364716
2022-07-26,96.02180000000006,94.98,1.0968624973679213
2022-07-27,97.75520000000006,97.26,0.5091507300021116
2022-07-28,96.03540000000002,96.42,-0.39887990043557103
2022-07-29,97.33110000000013,98.62,-1.3069357128370211
2022-08-01,96.39520000000007,93.89,2.6682287783577308
2022-08-02,94.8803,94.42,0.48750264774412594
2022-08-03,92.69840000000002,90.66,2.248400617692504
2022-08-04,90.29050000000002,88.54,1.9770725096001993
2022-08-05,88.87629999999994,89.01,-0.15020784181559538
2022-08-08,89.36319999999999,90.76,-1.5390039665050825
2022-08-09,90.99889999999998,90.5,0.5512707182320196
2022-08-10,91.75829999999992,91.93,-0.18677254432729962
2022-08-11,93.36170000000003,94.34,-1.0369938520245665
2022-08-12,92.39050000000006,92.09,0.3263112172874974
2022-08-15,90.57690000000005,89.41,1.3051112850912148
2022-08-16,87.06889999999991,86.53,0.6227897838898796
2022-08-17,87.78629999999988,88.11,-0.3673816819885552
2022-08-18,89.6226,90.5,-0.969502762430933
2022-08-19,90.82029999999997,90.77,0.05541478462044584
2022-08-22,90.43849999999995,90.23,0.23107613875644903
2022-08-23,92.50799999999998,93.74,-1.3142735225090822
2022-08-24,93.82879999999993,94.89,-1.1183475603330915
2022-08-25,92.47980000000008,92.52,-0.043450064850749474
2022-08-26,92.93560000000016,93.06,-0.13367719750681065
2022-08-29,95.68370000000002,97.01,-1.3671786413771663
2022-08-30,93.6286,91.64,2.1700130947184695
2022-08-31,91.09280000000004,89.55,1.7228364042434867
2022-09-01,88.03920000000011,86.61,1.6501558711466437
2022-09-02,87.24769999999991,86.87,0.4347876136754977
2022-09-06,87.03049999999995,86.88,0.17322744014727354
2022-09-07,84.21030000000003,81.94,2.770685867708121
2022-09-08,83.08890000000005,83.54,-0.5399808474981495
2022-09-09,86.18330000000002,86.79,-0.6990436686254053
2022-09-12,87.4614000000001,87.78,-0.3629528366369379
2022-09-13,87.42769999999997,87.31,0.13480700950632324
2022-09-14,88.14739999999999,88.48,-0.3759041591320225
2022-09-15,86.9753,85.1,2.2036427732080024
2022-09-16,84.73650000000002,85.11,-0.4388438491363866
2022-09-19,85.48100000000001,85.73,-0.29044675142889914
2022-09-20,84.95040000000007,84.45,0.5925399644761044
2022-09-21,83.59950000000009,82.94,0.7951531227394426
2022-09-22,83.44370000000005,83.49,-0.05545574320271336
2022-09-23,81.45509999999997,78.74,3.448183896367765
2022-09-26,78.22269999999993,76.71,1.9719723634466675
2022-09-27,77.67350000000003,78.5,-1.052866242038175
2022-09-28,80.74459999999988,82.15,-1.7107729762630894
2022-09-29,81.81350000000005,81.23,0.7183306660101483
2022-09-30,79.78249999999987,79.49,0.3679708139387044
2022-10-03,82.37609999999995,83.63,-1.4993423412651492
2022-10-04,86.0693999999999,86.52,-0.5208044382802749
2022-10-05,87.50580000000011,87.76,-0.2896536007291452
2022-10-06,87.99010000000001,88.45,-0.5199547767099948
2022-10-07,90.74490000000003,92.64,-2.045660621761627
2022-10-10,91.67290000000001,91.13,0.5957423460989985
2022-10-11,89.97480000000003,89.35,0.6992725237829167
2022-10-12,87.62509999999997,87.27,0.40689813223327476
2022-10-13,88.68569999999988,89.11,-0.4761530692403951
2022-10-14,86.09280000000011,85.61,0.5639528092513856
2022-10-17,85.02950000000014,85.46,-0.5037444418439655
2022-10-18,83.63350000000007,82.82,0.9822506640908909
2022-10-19,85.39150000000005,85.55,-0.18527177089415173
2022-10-20,85.47119999999984,85.98,-0.5917655268669042
2022-10-21,85.14850000000001,85.05,0.11581422692535635
2022-10-24,84.20640000000004,84.58,-0.44171198864974404
2022-10-25,84.67579999999998,85.32,-0.755039849976573
2022-10-26,85.8379,87.91,-2.3570697304060877
2022-10-27,88.33329999999994,89.08,-0.8382352941177155
2022-10-28,88.2414,87.9,0.3883959044368521
2022-10-31,87.2245999999999,86.53,0.8027273777879287
2022-11-01,88.13459999999999,88.37,-0.26637999321037986
2022-11-02,89.47880000000002,90.0,-0.5791111111110878
2022-11-03,89.28840000000002,88.17,1.2684586594079874
2022-11-04,90.65299999999998,92.61,-2.1131627254076473
2022-11-07,92.15589999999999,91.79,0.3986273014489401
2022-11-08,90.19030000000002,88.91,1.4399955010685246
2022-11-09,86.41849999999994,85.83,0.6856576954444127
2022-11-10,86.17279999999998,86.47,-0.3437030183879009
2022-11-11,88.15400000000001,88.96,-0.9060251798560962
2022-11-14,86.43699999999995,85.87,0.6603004541748578
2022-11-15,86.15059999999993,86.92,-0.8851817763461522
2022-11-16,86.1483000000001,85.59,0.6522958289520997
2022-11-17,83.17319999999991,81.64,1.8780009799116957
2022-11-18,81.07930000000013,80.08,1.2478771228772891
2022-11-21,80.13490000000002,79.73,0.5078389564781287
2022-11-22,80.86199999999995,80.95,-0.1087090796788767
2022-11-23,78.85140000000011,77.94,1.1693610469593458
2022-11-25,76.8416000000001,76.28,0.7362349239644704
2022-11-28,76.89559999999987,77.24,-0.4458829621959102
2022-11-29,77.93979999999995,78.2,-0.3327365728900951
2022-11-30,79.63909999999987,80.55,-1.1308504034762583
2022-12-01,80.58660000000006,81.22,-0.7798571780348902
2022-12-02,80.2537999999999,79.98,0.34233558389584245
2022-12-05,78.40100000000008,76.93,1.9121279084883331
2022-12-06,75.02580000000005,74.25,1.0448484848485473
2022-12-07,72.74220000000008,72.01,1.0168032217748604
2022-12-08,71.24540000000005,71.46,-0.3003078645395291
2022-12-09,70.79560000000006,71.02,-0.31596733314549674
2022-12-12,72.39990000000006,73.17,-1.0524805248051694
2022-12-13,74.86690000000002,75.39,-0.6938586019365768
2022-12-14,76.71419999999989,77.28,-0.7321428571429989
2022-12-15,76.66809999999995,76.11,0.7332807778215128
2022-12-16,74.46740000000005,74.29,0.23879391573569578
2022-12-19,74.75340000000006,75.19,-0.5806623221172252
2022-12-20,76.17709999999995,76.09,0.11446970692594266
2022-12-21,77.39909999999998,78.29,-1.1379486524460727
2022-12-22,78.05760000000002,77.49,0.7324816105304262
2022-12-23,78.65560000000009,79.56,-1.136752136752024
2022-12-27,79.59700000000005,79.53,0.08424493901678601
2022-12-28,79.26450000000011,78.96,0.38563829787249004
2022-12-29,78.49520000000014,78.4,0.12142857142874157
2022-12-30,79.08410000000003,80.26,-1.465113381510055
2023-01-03,78.32570000000008,76.93,1.8142467177954973
2023-01-04,73.69159999999998,72.84,1.1691378363536193
2023-01-05,73.65070000000009,73.67,-0.026197909596736714
2023-01-06,74.20370000000004,73.77,0.5879083638335969
2023-01-09,74.56340000000009,74.63,-0.08924025190929752
2023-01-10,74.99949999999993,75.12,-0.16041001064973107
2023-01-11,76.54630000000007,77.41,-1.11574731946767
2023-01-12,78.16719999999987,78.39,-0.2842199260111423
2023-01-13,78.43549999999995,79.86,-1.783746556473894
2023-01-17,79.84130000000006,80.18,-0.42242454477419056
2023-01-18,79.51509999999992,79.48,0.0441620533466465
2023-01-19,80.26810000000002,80.33,-0.07705713930036112
2023-01-20,80.7273000000001,81.31,-0.7166400196776573
2023-01-23,81.5228999999999,81.62,-0.11896593972079296
2023-01-24,81.07160000000005,80.13,1.1750904779733569
2023-01-25,80.04210000000003,80.15,-0.13462258265748264
2023-01-26,80.89669999999992,81.01,-0.13985927663261394
2023-01-27,79.66750000000009,79.68,-0.01568775100391262
2023-01-30,78.76730000000009,77.9,1.1133504492940762
2023-01-31,78.32849999999992,78.87,-0.6865728413846639
2023-02-01,76.97660000000005,76.41,0.7415259782751615
2023-02-02,76.14420000000001,75.88,0.3481813389562687
2023-02-03,74.38039999999995,73.39,1.3495026570376771
2023-02-06,73.9868000000001,74.11,-0.1662393739035186
2023-02-07,75.96509999999994,77.14,-1.5230749287011471
2023-02-08,78.09550000000007,78.47,-0.4772524531667217
2023-02-09,77.93630000000007,78.06,-0.158467845247154
2023-02-10,78.66410000000005,79.72,-1.3245107877570892
2023-02-13,79.97780000000004,80.14,-0.202395807337105
2023-02-14,79.36260000000006,79.06,0.38274728054649004
2023-02-15,78.68900000000008,78.59,0.12597022521958876
2023-02-16,78.73920000000005,78.49,0.3174926742260909
2023-02-17,76.74210000000005,76.34,0.5267225569819844
2023-02-21,75.80089999999991,76.16,-0.47150735294128576
2023-02-22,74.85539999999995,73.95,1.2243407707909983
2023-02-23,74.63140000000004,75.39,-1.0062342485740265
2023-02-24,76.16380000000005,76.32,-0.20466457023053133
2023-02-27,76.24620000000014,75.68,0.7481501057084262
2023-02-28,76.1213,77.05,-1.2053212199870111
2023-03-01,77.71569999999991,77.69,0.033080190500598836
2023-03-02,77.98599999999995,78.16,-0.22262026612084088
2023-03-03,79.36720000000004,79.68,-0.39257028112445697
2023-03-06,79.87509999999993,80.46,-0.7269450658713168
2023-03-07,78.43460000000003,77.58,1.1015725702501076
2023-03-08,77.08719999999997,76.66,0.5572658492042405
2023-03-09,75.60340000000006,75.72,-0.15398837823551811
2023-03-10,75.84199999999993,76.68,-1.092853416797182
2023-03-13,75.69170000000004,74.8,1.192112299465298
2023-03-14,72.33109999999988,71.33,1.4034767979810463
2023-03-15,68.99030000000006,67.61,2.0415618991274402
2023-03-16,68.81129999999997,68.35,0.674908558888047
2023-03-17,67.81889999999999,66.74,1.6165717710518284
2023-03-20,67.41530000000007,67.64,-0.33219988172668174
2023-03-21,69.11570000000009,69.33,-0.3091013991055952
2023-03-22,70.22280000000006,70.9,-0.9551480959096504
2023-03-23,70.28200000000004,69.96,0.4602630074328836
2023-03-24,69.73450000000007,69.26,0.6850996246030363
2023-03-27,71.80899999999993,72.81,-1.3748111523143467
2023-03-28,73.16680000000004,73.2,-0.04535519125678314
2023-03-29,73.31169999999997,72.97,0.468274633410956
2023-03-30,73.80809999999998,74.37,-0.7555465913675173
2023-03-31,75.19929999999988,75.67,-0.6220430818027244
2023-04-03,78.64949999999992,80.42,-2.2015667744343244
2023-04-04,80.33510000000011,80.71,-0.46450253995772894
2023-04-05,80.3763000000001,80.61,-0.2899144026794435
2023-04-06,80.55830000000006,80.7,-0.17558859975209826
2023-04-10,79.82600000000002,79.74,0.10785051417108973
2023-04-11,80.75979999999997,81.53,-0.9446829387955735
2023-04-12,82.80469999999991,83.26,-0.5468412202739532
2023-04-13,82.60269999999993,82.16,0.5388266796493806
2023-04-14,82.73509999999995,82.52,0.26066408143474296
2023-04-17,81.8164,80.83,1.2203389830508515
2023-04-18,80.413,80.86,-0.5528073212960707
2023-04-19,79.39830000000005,79.16,0.30103587670547266
2023-04-20,77.97289999999987,77.29,0.883555440548404
2023-04-21,77.9225000000001,77.87,0.06742005907293484
2023-04-24,78.26919999999991,78.76,-0.6231589639412043
2023-04-25,77.47859999999997,77.07,0.5301673803035923
2023-04-26,75.2716,74.3,1.3076716016150867
2023-04-27,74.06630000000008,74.76,-0.9279026217227416
2023-04-28,76.23060000000015,76.78,-0.7155509247197829
2023-05-01,76.2569999999999,75.66,0.7890563045201018
2023-05-02,72.85569999999998,71.66,1.6685738208205247
2023-05-03,69.4387999999999,68.6,1.2227405247812053
2023-05-04,68.71139999999995,68.56,0.22082847141183296
2023-05-05,69.99580000000006,71.34,-1.8842164283711014
2023-05-08,72.26550000000002,73.16,-1.2226626571896932
2023-05-09,73.39539999999998,73.71,-0.42680776014111094
2023-05-10,73.22540000000004,72.56,0.9170341786108513
2023-05-11,71.02850000000007,70.87,0.2236489346691978
2023-05-12,70.18729999999996,70.04,0.21030839520268227
2023-05-15,70.55779999999997,71.11,-0.7765433834904057
2023-05-16,71.38600000000007,70.86,0.742308777871955
2023-05-17,72.28749999999991,72.83,-0.744885349444033
2023-05-18,72.46769999999994,71.86,0.8456721402726652
2023-05-19,71.60450000000006,71.55,0.07617051013285993
2023-05-22,71.79250000000008,71.99,-0.27434365884139444
2023-05-23,72.66769999999995,72.91,-0.33232752708824964
2023-05-24,74.23339999999999,74.34,-0.1433952111918408
2023-05-25,72.5873999999999,71.83,1.0544340804676384
2023-05-26,72.30910000000003,72.67,-0.49662859501853923
2023-05-30,70.58289999999997,69.46,1.6166138784911792
2023-05-31,68.81890000000006,68.09,1.0704949331767553
2023-06-01,70.01459999999992,70.1,-0.12182596291023977
2023-06-02,70.91639999999995,71.74,-1.1480345692780063
2023-06-05,71.9959,72.15,-0.2135828135828131
2023-06-06,72.02639999999992,71.74,0.3992194034010725
2023-06-07,72.12710000000007,72.53,-0.5554942782296035
2023-06-08,71.74529999999993,71.29,0.6386589984568986
2023-06-09,70.67679999999993,70.17,0.7222459740628863
2023-06-12,68.51240000000003,67.12,2.074493444576912
2023-06-13,68.84030000000006,69.42,-0.8350619418034366
2023-06-14,68.73590000000009,68.27,0.6824373809873886
2023-06-15,69.81409999999994,70.62,-1.1411781365053315
2023-06-16,71.26899999999999,71.78,-0.7118974644747978
2023-06-20,70.97790000000002,70.5,0.6778723404255597
2023-06-21,72.12990000000005,72.53,-0.5516338067006096
2023-06-22,70.66039999999994,69.51,1.6550136670981639
2023-06-23,69.4009999999999,69.16,0.34846732215138837
2023-06-26,69.73400000000002,69.37,0.524722502522731
2023-06-27,68.36020000000009,67.7,0.9751846381094365
2023-06-28,69.5665999999999,69.56,0.009488211615716285
2023-06-29,69.9300000000001,69.86,0.10020040080175618
2023-06-30,70.40819999999995,70.64,-0.32814269535680846
2023-07-03,70.4356000000001,69.79,0.9250608969767689
2023-07-05,71.247,71.79,-0.7563727538654497
2023-07-06,71.77259999999994,71.8,-0.038161559888658686
2023-07-07,73.08409999999996,73.86,-1.0505009477390137
2023-07-10,73.38240000000006,72.99,0.5376078914920757
2023-07-11,74.48790000000005,74.83,-0.4571695843912137
2023-07-12,75.35610000000004,75.75,-0.5199999999999465
2023-07-13,77.07100000000004,76.89,0.23540122252573809
2023-07-14,76.00759999999995,75.42,0.7791036860248637
2023-07-17,74.50300000000004,74.15,0.47606203641272693
2023-07-18,74.87200000000006,75.75,-1.1590759075906842
2023-07-19,75.89980000000004,75.35,0.7296615792966787
2023-07-20,75.69689999999994,75.63,0.08845696152313515
2023-07-21,76.75829999999998,77.07,-0.40443752432855345
2023-07-24,78.3608999999999,78.74,-0.48145796291604454
2023-07-25,79.09940000000006,79.63,-0.6663317845032473
2023-07-26,79.09309999999994,78.78,0.3974358974358144
2023-07-27,79.52000000000008,80.09,-0.7116993382443777
2023-07-28,80.22870000000015,80.58,-0.4359642591211873
2023-07-31,81.33660000000008,81.8,-0.5665036674815671
2023-08-01,81.8851,81.37,0.6330342878210515
2023-08-02,80.36699999999985,79.49,1.1032834318780391
2023-08-03,81.1123999999999,81.55,-0.536603310852364
2023-08-04,82.64900000000006,82.82,-0.20647186669878703
2023-08-07,82.52570000000001,81.94,0.7147913107151782
2023-08-08,82.73810000000002,82.92,-0.21936806560538427
2023-08-09,84.0860000000001,84.4,-0.3720379146918337
2023-08-10,83.10620000000003,82.82,0.34556870321182864
2023-08-11,82.98539999999994,83.19,-0.2459430219979037
2023-08-14,82.71689999999998,82.51,0.2507574839413115
2023-08-15,81.7109,80.99,0.8901098901098905
2023-08-16,79.60089999999994,79.38,0.2782816830435166
2023-08-17,80.35489999999994,80.39,-0.04366214703328368
2023-08-18,80.75420000000013,81.25,-0.6102153846152305
2023-08-21,80.71520000000005,80.72,-0.005946481664948192
2023-08-22,80.22429999999996,80.35,-0.15644057249537954
2023-08-23,79.60759999999992,78.89,0.9096209912535418
2023-08-24,78.33310000000004,79.05,-0.9068943706514266
2023-08-25,79.29009999999997,79.83,-0.6763121633471518
2023-08-28,79.84170000000009,80.1,-0.3224719101122423
2023-08-29,80.4973000000001,81.16,-0.8165352390338856
2023-08-30,81.33779999999989,81.63,-0.35795663359072366
2023-08-31,82.85949999999994,83.63,-0.9213201004424911
2023-09-01,84.88000000000011,85.55,-0.783167738164685
2023-09-05,85.9473000000001,86.69,-0.856730880147537
2023-09-06,87.54699999999995,87.54,0.007996344528156452
2023-09-07,87.04799999999993,86.87,0.20490387935987822
2023-09-08,87.39299999999999,87.51,-0.13369900582792668
2023-09-11,87.52499999999999,87.29,0.26921755069307507
2023-09-12,88.46700000000008,88.84,-0.41985592075632533
2023-09-13,88.34890000000001,88.52,-0.1932896520560115
2023-09-14,89.46579999999999,90.16,-0.7699645075421576
2023-09-15,90.80109999999999,90.77,0.034262421504897014
2023-09-18,91.4306,91.48,-0.05400087450809539
2023-09-19,91.46619999999994,91.2,0.2918859649122159
2023-09-20,90.31009999999989,90.28,0.03334071776682628
2023-09-21,90.13299999999997,89.63,0.5611960281155548
2023-09-22,90.33260000000004,90.03,0.33611018549376964
2023-09-25,90.38770000000008,89.68,0.7891391614630616
2023-09-26,90.38870000000006,90.39,-0.0014382121915518084
2023-09-27,92.66569999999999,93.68,-1.0827284372331551
2023-09-28,92.38790000000007,91.71,0.7391778432014822
2023-09-29,90.91129999999998,90.79,0.1336050225795535
2023-10-02,89.46150000000004,88.82,0.7222472416123062
2023-10-03,88.52539999999986,89.23,-0.789644738316868
2023-10-04,86.11129999999997,84.22,2.2456661125623043
2023-10-05,83.17700000000004,82.31,1.0533349532256504
2023-10-06,82.87790000000008,82.79,0.10617224302461144
2023-10-09,85.51769999999995,86.38,-0.9982634869183229
2023-10-10,86.28949999999988,85.97,0.3716412702103956
2023-10-11,84.16850000000005,83.49,0.8126721763086077
2023-10-12,83.15810000000006,82.91,0.29924013991082477
2023-10-13,86.44390000000008,87.69,-1.4210286235601701
2023-10-16,87.08390000000001,86.66,0.48915301177015635
2023-10-17,86.95850000000006,86.66,0.34444957304415075
2023-10-18,87.99349999999995,88.32,-0.369678442029029
2023-10-19,88.92060000000004,89.37,-0.5028533064786491
2023-10-20,88.43240000000014,88.75,-0.35785915492941595
2023-10-23,86.45020000000011,85.49,1.1231723008540346
2023-10-24,83.87459999999997,83.74,0.16073561022208938
2023-10-25,85.17519999999998,85.39,-0.25155170394662746
2023-10-26,84.17399999999992,83.21,1.1585146016102963
2023-10-27,84.91030000000009,85.54,-0.7361468318914126
2023-10-30,83.24770000000008,82.31,1.1392297412223031
2023-10-31,81.79289999999997,81.02,0.9539619846951106
2023-11-01,80.06219999999996,80.44,-0.46966683242172563
2023-11-02,81.50130000000001,82.46,-1.162624302692189
2023-11-03,81.47389999999992,80.51,1.1972425785615577
2023-11-06,80.64909999999999,80.82,-0.21145756000990248
2023-11-07,78.37160000000009,77.37,1.2945586144501504
2023-11-08,75.95950000000008,75.33,0.8356564449755454
2023-11-09,76.12120000000007,75.74,0.5033007657777634
2023-11-10,76.97819999999992,77.17,-0.24854217960358416
2023-11-13,77.97629999999991,78.26,-0.36250958343993805
2023-11-14,78.51699999999992,78.26,0.3283925376947607
2023-11-15,77.47609999999996,76.66,1.0645708322462344
2023-11-16,73.62379999999992,72.9,0.9928669410149681
2023-11-17,74.92940000000009,75.89,-1.2657794175779604
2023-11-20,77.05679999999998,77.6,-0.7000000000000168
2023-11-21,77.49109999999992,77.77,-0.3586215764434593
2023-11-22,77.71129999999994,77.1,0.7928664072632208
2023-11-24,76.19649999999987,75.54,0.8690759862322823
2023-11-27,74.80920000000003,74.86,-0.06786000534326325
2023-11-28,76.03540000000005,76.41,-0.49024996728169623
2023-11-29,77.29950000000007,77.86,-0.7198818391984763
2023-11-30,76.80699999999999,75.96,1.1150605581885127
2023-12-01,74.36100000000012,74.07,0.39287160793860504
2023-12-04,73.64550000000008,73.04,0.8289978094196021
2023-12-05,73.29019999999996,72.32,1.341537610619418
2023-12-06,70.29600000000005,69.38,1.3202652061113487
2023-12-07,69.37290000000006,69.34,0.047447360830768344
2023-12-08,70.46919999999997,71.23,-1.0680892882212993
2023-12-11,71.2820999999999,71.32,-0.0531407739765744
2023-12-12,69.65559999999988,68.61,1.5239760967787195
2023-12-13,69.57899999999998,69.47,0.1569022599683035
2023-12-14,70.77760000000005,71.58,-1.1209835149482383
2023-12-15,71.80580000000008,71.43,0.5261094778105405
2023-12-18,71.75930000000007,72.47,-0.9806816613770274
2023-12-19,72.70959999999992,73.44,-0.994553376906419
2023-12-20,74.07450000000007,74.22,-0.19603880355689485
2023-12-21,73.6049999999999,73.89,-0.3857084855868129
2023-12-22,73.42270000000008,73.56,-0.1866503534528618
2023-12-26,74.50809999999994,75.57,-1.405187243615259
2023-12-27,75.04750000000008,74.11,1.265011469437438
2023-12-28,72.88999999999993,71.77,1.5605406158561148
2023-12-29,71.38709999999995,71.65,-0.3669225401256926
2024-01-02,70.14570000000005,70.38,-0.33290707587375357
2024-01-03,72.09890000000001,72.7,-0.826822558459406
2024-01-04,72.34559999999998,72.19,0.21554231888070152
2024-01-05,73.07239999999999,73.81,-0.9993225850156005
2024-01-08,72.02299999999991,70.77,1.7705242334321252
2024-01-09,71.70709999999994,72.24,-0.7376799557032874
2024-01-10,71.09380000000012,71.37,-0.3869973378168547
2024-01-11,71.59440000000001,72.02,-0.5909469591779904
2024-01-12,72.36310000000003,72.68,-0.43602091359380235
2024-01-16,72.51419999999995,72.4,0.15773480662975123
2024-01-17,72.37190000000005,72.56,-0.2592337375964014
2024-01-18,73.33940000000015,74.08,-0.9997300215980619
2024-01-19,73.26509999999989,73.41,-0.19738455251342651
2024-01-22,74.60070000000009,75.19,-0.7837478388082313
2024-01-23,74.53139999999998,74.37,0.21702299314235846
2024-01-24,74.71039999999995,75.09,-0.5055267012918541
2024-01-25,76.49980000000012,77.36,-1.1119441571870194
2024-01-26,78.06070000000004,78.01,0.06499166773495015
2024-01-29,77.43160000000012,76.78,0.8486585048191139
2024-01-30,76.31759999999993,77.82,-1.9306090979183572
2024-01-31,76.73780000000006,75.85,1.1704680290047063
2024-02-01,74.04469999999998,73.82,0.3043890544567656
2024-02-02,72.89339999999996,72.28,0.848644161593741
2024-02-05,72.01659999999993,72.78,-1.048914536960807
2024-02-06,73.34659999999991,73.31,0.04992497612864219
2024-02-07,74.42050000000003,73.86,0.7588681288925442
2024-02-08,73.95269999999998,76.22,-2.974678562057229
2024-02-09,76.22080000000001,76.84,-0.8058302967204479
2024-02-12,76.28560000000003,76.92,-0.824752990119567
2024-02-13,75.23270000000002,77.87,-3.3867985103377194
2024-02-14,77.4499,76.64,1.0567588726513557
2024-02-15,74.24510000000001,78.03,-4.850570293476859
2024-02-16,77.73220000000002,79.19,-1.840889001136479
2024-02-20,77.8737,78.18,-0.39178818112050057
2024-02-21,78.33630000000001,77.91,0.54716981132077
2024-02-22,78.40980000000002,78.61,-0.25467497773817716
2024-02-23,78.04129999999998,76.49,2.02810824944435
2024-02-26,74.16049999999997,77.58,-4.407708172209368
2024-02-27,77.89199999999994,78.87,-1.2400152149106953
2024-02-28,78.34139999999994,78.54,-0.25286478227663617
2024-02-29,77.5906,78.26,-0.8553539483772172
2024-03-01,78.60200000000002,79.97,-1.7106414905589358
2024-03-04,80.07030000000002,78.74,1.6894843789687868
2024-03-05,77.67420000000003,78.15,-0.6088291746640796
2024-03-06,79.08030000000005,79.13,-0.06280803740672888
2024-03-07,78.2834,78.93,-0.8192068921829551
2024-03-08,78.10590000000003,78.01,0.12293295731320181
2024-03-11,77.99800000000002,77.93,0.08725779545747728
2024-03-12,77.73929999999997,77.56,0.23117586384730449
2024-03-13,76.96380000000002,79.72,-3.4573507275463857
2024-03-14,79.62630000000003,81.26,-2.0104602510459957
2024-03-15,81.21569999999998,81.04,0.2168065153010584
2024-03-18,80.00759999999995,82.72,-3.279013539651892
2024-03-19,83.82149999999994,83.47,0.42110938061572384
2024-03-20,84.77860000000003,81.68,3.7935847208619227
2024-03-21,81.99439999999998,81.07,1.140249167386199
2024-03-22,79.61559999999997,80.63,-1.258092521394051
2024-03-25,80.91890000000001,81.95,-1.2582062233068882
2024-03-26,82.11309999999997,81.62,0.604141141876954
2024-03-27,81.34759999999999,81.35,-0.0029502151198630825
2024-03-28,81.2655,83.17,-2.289888180834434
2024-04-01,83.18920000000001,83.71,-0.6221478915302592
2024-04-02,83.00059999999999,85.15,-2.5242513211979025
2024-04-03,83.41169999999997,85.43,-2.3625190214210923
2024-04-04,84.17,86.59,-2.794779997690266
2024-04-05,87.10449999999992,86.91,0.2237947301805543
2024-04-08,86.26719999999995,86.43,-0.18836052296663325
2024-04-09,86.78249999999998,85.23,1.8215417106652358
2024-04-10,85.08360000000002,86.21,-1.3065769632292954
2024-04-11,86.38389999999997,85.02,1.6042107739355125
2024-04-12,84.97250000000003,85.66,-0.8025916413728363
2024-04-15,85.23070000000004,85.41,-0.209928579791541
2024-04-16,84.13079999999998,85.36,-1.440018744142479
2024-04-17,83.96030000000005,82.69,1.5362196154311871
2024-04-18,82.2921,82.73,-0.5293122204762469
2024-04-19,83.4533,83.14,0.3768342554726944
2024-04-22,83.70980000000003,82.85,1.0377791188896024
2024-04-23,83.3238,83.36,-0.043426103646825566
2024-04-24,82.4902,82.81,-0.3861852433281014
2024-04-25,82.77499999999999,83.57,-0.9512983127916738
2024-04-26,83.21739999999997,83.85,-0.754442456768068
2024-04-29,83.39630000000002,82.63,0.9273871475251476
2024-04-30,82.30329999999996,81.93,0.45563285731717046
2024-05-01,82.1755,79.0,4.019620253164556
2024-05-02,79.07299999999996,78.95,0.1557948068397239
2024-05-03,79.12099999999997,78.11,1.2943285110740843
2024-05-06,79.04059999999996,78.48,0.7143221202853607
2024-05-07,77.94549999999994,78.38,-0.5543505996428384
2024-05-08,76.43160000000002,78.99,-3.238890998860587
2024-05-09,77.12170000000005,79.26,-2.697829926823061
2024-05-10,79.51329999999999,78.26,1.601456682852008
2024-05-13,78.85470000000001,79.12,-0.33531344792719453
2024-05-14,78.39579999999998,78.02,0.4816713663163085
2024-05-15,77.29490000000001,78.63,-1.6979524354571829
2024-05-16,77.07420000000002,79.23,-2.720939038243071
2024-05-17,78.61970000000001,80.06,-1.7990257307019653
2024-05-20,79.63030000000009,79.8,-0.21265664160389283
2024-05-21,80.55450000000008,79.26,1.633232399697288
2024-05-22,79.70100000000002,77.57,2.747196080959171
2024-05-23,76.95320000000004,76.87,0.10823468193057559
2024-05-24,76.5686,77.72,-1.481471950591862
2024-05-28,77.79789999999996,79.83,-2.545534260303197
2024-05-29,79.06170000000002,79.23,-0.21241953805375222
2024-05-30,78.79799999999999,77.91,1.139776665383123
2024-05-31,78.55100000000003,76.99,2.0275360436420775
2024-06-03,76.06209999999999,74.22,2.4819455672325357
2024-06-04,73.46930000000008,73.25,0.2993856655291128
2024-06-05,74.17140000000006,74.07,0.1368975293642085
2024-06-06,74.2174,75.55,-1.7638649900727987
2024-06-07,75.79510000000003,75.53,0.35098636303459857
2024-06-10,75.7231,77.74,-2.5944172883972123
2024-06-11,77.85529999999999,77.9,-0.05738125802313243
2024-06-12,78.01860000000005,78.5,-0.6132484076432496
2024-06-13,78.03300000000002,78.62,-0.7466293563978492
2024-06-14,78.1041,78.45,-0.440917782026769
2024-06-17,77.80350000000004,80.33,-3.1451512510892026
2024-06-18,79.75780000000007,81.57,-2.221650116464287
2024-06-20,81.83149999999996,82.17,-0.4119508336376279
2024-06-21,82.75779999999992,80.73,2.5118295553077092
2024-06-24,80.24319999999999,81.63,-1.6988852137694572
2024-06-25,82.20620000000007,80.83,1.7025856736361107
2024-06-26,79.60759999999998,80.9,-1.5975278121137564
2024-06-27,80.17730000000002,81.74,-1.911793491558574
2024-06-28,82.12709999999998,81.54,0.7200147167034316
2024-07-01,81.58339999999998,83.38,-2.1547133605181243
2024-07-02,83.14429999999999,82.81,0.40369520589298963
2024-07-03,83.47809999999997,83.88,-0.4791368621841037
2024-07-05,82.554,83.16,-0.7287157287157221
2024-07-08,83.45499999999998,82.33,1.3664520830802693
2024-07-09,81.9445,81.41,0.6565532489866214
2024-07-10,80.98609999999998,82.1,-1.3567600487210905
2024-07-11,82.51949999999998,82.62,-0.12164124909225989
2024-07-12,82.27189999999996,82.21,0.07529497628021638
2024-07-15,82.71289999999998,81.91,0.9802221950921496
2024-07-16,82.43100000000001,80.76,2.0690936106983733
2024-07-17,80.33420000000002,82.85,-3.0365721182860237
2024-07-18,83.03869999999999,82.82,0.2640666505674938
2024-07-19,83.07319999999999,80.13,3.673031324098328
2024-07-22,79.80649999999999,79.78,0.03321634494858915
2024-07-23,80.13189999999997,76.96,4.121491683991658
2024-07-24,76.49270000000006,77.59,-1.4142286377109772
2024-07-25,78.80609999999994,78.28,0.6720746039856191
2024-07-26,78.25389999999996,77.16,1.4177034733021805
2024-07-29,76.63709999999999,75.81,1.0910170162247557
2024-07-30,74.02439999999997,74.73,-0.9441991168205974
2024-07-31,75.42700000000008,77.91,-3.187010653317827
2024-08-01,77.81689999999995,76.31,1.9747084261563945
2024-08-02,73.94860000000003,73.52,0.5829706202394334
2024-08-05,73.92920000000007,72.94,1.3561831642446776
2024-08-06,74.21219999999998,73.2,1.3827868852458725
2024-08-07,74.13279999999997,75.23,-1.4584607204573032
2024-08-08,76.29400000000004,76.19,0.13650085313038698
2024-08-09,76.28949999999999,76.84,-0.7164237376366654
2024-08-12,76.59169999999997,80.06,-4.332125905570856
2024-08-13,79.76860000000005,78.35,1.8105934907467196
2024-08-14,76.98509999999999,76.98,0.0066250974278832956
2024-08-15,75.12329999999996,78.16,-3.885235414534338
2024-08-16,79.18319999999997,76.65,3.3048923679060214
2024-08-19,75.14699999999995,74.37,1.04477611940291
2024-08-20,74.1089,74.04,0.09305780659103091
2024-08-21,74.73820000000002,71.93,3.9040734046990315
2024-08-22,70.82490000000003,73.01,-2.992877687987915
2024-08-23,73.9624999999999,74.83,-1.159294400641577
2024-08-26,75.62530000000005,77.42,-2.3181348488761935
2024-08-27,77.60889999999995,75.53,2.7524162584402854
2024-08-28,74.04790000000001,74.52,-0.6335212023617597
2024-08-29,74.8047,75.91,-1.4560663944144379
2024-08-30,76.76279999999998,73.55,4.368184908225679
2024-09-03,73.3501,70.34,4.279357406880855
2024-09-04,70.10189999999999,69.2,1.3033236994219413
2024-09-05,69.53859999999999,69.15,0.5619667389732212
2024-09-06,68.75610000000006,67.67,1.6049948278410795
2024-09-09,68.44860000000004,68.71,-0.3804395284528484
2024-09-10,69.13830000000003,65.75,5.153307984790919
2024-09-11,65.67320000000004,67.31,-2.431733769127864
2024-09-12,67.4891000000001,68.97,-2.147165434246638
2024-09-13,69.33360000000003,68.65,0.9957756737072495
2024-09-16,68.83829999999996,70.09,-1.7858467684406365
2024-09-17,69.92550000000006,71.19,-1.7762326169404992
2024-09-18,70.51520000000006,70.91,-0.556762092793587
2024-09-19,71.47150000000003,71.95,-0.6650451702570791
2024-09-20,72.0842,71.92,0.22830923248052543
2024-09-23,71.63410000000003,70.37,1.7963620861162817
2024-09-24,71.44040000000001,71.56,-0.16713247624369937
2024-09-25,72.31699999999998,69.69,3.7695508681302643
2024-09-26,69.69329999999995,67.67,2.989951233929288
2024-09-27,69.78349999999998,68.18,2.3518627163390557
2024-09-30,68.01660000000007,68.17,-0.22502567111622973
2024-10-01,68.66350000000004,69.83,-1.6704854646999234
2024-10-02,69.98480000000002,70.1,-0.16433666191151658
2024-10-03,70.18350000000004,73.71,-4.784289784289725
2024-10-04,73.7401,74.38,-0.8603119118042448
2024-10-07,74.92659999999992,77.14,-2.8693284936480143
2024-10-08,76.87689999999996,73.57,4.494902813646827
2024-10-09,73.13529999999999,73.24,-0.14295466957947603
2024-10-10,74.13720000000002,75.85,-2.25814106789713
2024-10-11,76.174,75.56,0.8125992588671311
2024-10-14,76.05410000000003,73.83,3.012461059190079
2024-10-15,72.95179999999999,70.58,3.360442051572674
2024-10-16,69.95470000000002,70.39,-0.6184117062082453
2024-10-17,69.09340000000003,70.67,-2.2309325031837703
2024-10-18,71.9927,69.22,4.005634209765964
2024-10-21,69.31480000000002,70.56,-1.7647392290249186
2024-10-22,71.56940000000003,72.09,-0.7221528644749248
2024-10-23,72.11250000000003,70.77,1.896990250106019
2024-10-24,71.4983,70.19,1.8639407322980521
2024-10-25,70.58780000000003,71.78,-1.6609083310113837
2024-10-28,72.32609999999997,67.38,7.340605520926051
2024-10-29,68.90959999999998,67.21,2.5287903585775773
2024-10-30,68.48530000000007,68.61,-0.18175193120526628
2024-10-31,68.31420000000004,69.26,-1.36557897776489
2024-11-01,69.19679999999998,69.49,-0.4219312131242093
2024-11-04,70.02210000000001,71.47,-2.0258849867076956
2024-11-05,71.12630000000001,71.99,-1.199749965272927
2024-11-06,72.0379,71.69,0.48528386106848326
2024-11-07,72.13839999999998,72.36,-0.3062465450525477
2024-11-08,71.8136,70.38,2.036942313157145
2024-11-11,71.0412,68.04,4.410934744268073
2024-11-12,70.01489999999994,68.12,2.7817087492659067
2024-11-13,68.09060000000004,68.43,-0.495981294753718
2024-11-14,67.89210000000004,68.7,-1.175982532751035
2024-11-15,68.9761,67.02,2.91868099074904
2024-11-18,67.30180000000004,69.16,-2.6868131868131204
2024-11-19,69.0181,69.39,-0.5359561896526828
2024-11-20,69.38770000000004,68.87,0.751706112966507
2024-11-21,69.16399999999996,70.1,-1.3352353780314345
2024-11-22,70.01510000000005,71.24,-1.719399213924689
2024-11-25,70.50750000000002,68.94,2.2737162750217927
2024-11-26,69.49309999999997,68.77,1.051475934273628
2024-11-27,69.37040000000003,68.72,0.9464493597206537
2024-11-29,68.50190000000005,68.0,0.7380882352941895
2024-12-02,68.84140000000001,68.1,1.0886930983847474
2024-12-03,68.96090000000002,69.94,-1.3999142121818333
2024-12-04,69.94870000000003,68.54,2.055296177414684
2024-12-05,69.19689999999997,68.3,1.3131771595900057
2024-12-06,68.62060000000001,67.2,2.1139880952381063
2024-12-09,67.33610000000006,68.37,-1.512212958900023
2024-12-10,68.78340000000007,68.59,0.28196530106439416
2024-12-11,68.89759999999995,70.29,-1.9809361217812658
2024-12-12,70.24500000000003,70.02,0.3213367609255027
2024-12-13,70.12860000000005,71.29,-1.629120493757831
2024-12-16,70.98720000000006,70.71,0.39202375901578923
2024-12-17,71.76090000000005,70.08,2.398544520548018
2024-12-18,70.98740000000001,70.58,0.5772173420232499
2024-12-19,71.6815,69.91,2.533972250035765
2024-12-20,70.25660000000002,69.46,1.1468471062482384
2024-12-23,69.61819999999999,69.24,0.5462160600808673
2024-12-24,69.6082,70.1,-0.7015691868758885
2024-12-26,70.37330000000007,69.62,1.0820166618788665
2024-12-27,70.25150000000005,70.6,-0.49362606232286765
2024-12-30,71.43900000000005,70.99,0.6324834483730877
2024-12-31,71.36150000000006,71.72,-0.49986056887888375
2025-01-02,72.03750000000002,73.13,-1.493914945986562
2025-01-03,73.58260000000001,73.96,-0.5102758247701192
2025-01-06,74.03130000000002,73.56,0.6407014681892518
2025-01-07,73.77019999999996,74.25,-0.6461952861953401
2025-01-08,73.69299999999994,73.32,0.5087288597926185
2025-01-09,73.5564,73.92,-0.491883116883124
2025-01-10,73.77769999999997,76.57,-3.6467284837404024
2025-01-13,76.25730000000003,78.82,-3.251332149200665
2025-01-14,78.64820000000002,77.5,1.4815483870967963
2025-01-15,77.52900000000004,80.04,-3.137181409295311
2025-01-16,79.88770000000007,78.68,1.5349517031012447
2025-01-17,78.79169999999999,77.88,1.1706471494607038
2025-01-21,77.15920000000001,75.89,1.6724206087758757
2025-01-22,75.39219999999995,75.44,-0.0633616118770573
2025-01-23,75.98230000000001,74.62,1.8256499597963074
2025-01-24,75.45020000000004,74.66,1.0583980712564176
2025-01-27,75.70000000000006,73.17,3.4577012436791827
2025-01-28,73.59299999999999,73.77,-0.23993493289956175
2025-01-29,74.02009999999996,72.62,1.9279812723766898
2025-01-30,71.32949999999997,72.73,-1.9256152894266965
2025-01-31,72.14489999999998,72.53,-0.5309527092238007
2025-02-03,72.4179,73.16,-1.0143521049753876
2025-02-04,74.29440000000002,72.7,2.19312242090787
2025-02-05,72.6881,71.03,2.3343657609460853
2025-02-06,70.52399999999996,70.61,-0.12179577963467095
2025-02-07,71.35929999999998,71.0,0.5060563380281354
2025-02-10,71.71600000000004,72.32,-0.8351769911503826
2025-02-11,72.06540000000003,73.32,-1.7111292962356357
2025-02-12,73.57539999999997,71.37,3.090093876979079
2025-02-13,71.37520000000002,71.0,0.5284507042253815
